ID|Title|Date|Site|User IP|Country|State|City|User Agent
104617|Cosmos Q&A: Why we must value parasites|2021-07-25 02:09:14|https://cosmosmagazine.test/|101.114.135.248|Australia|Victoria|Melbourne|Mozilla/5.0 (Windows NT 10.0; Win64; x64) AppleWebKit/537.36 (KHTML, like Gecko) Chrome/92.0.4515.107 Safari/537.36
154677|World Ocean Day wrap: five ocean stories|2021-07-25 02:11:11|https://staging.cosmosmagazine.com/|101.114.135.248|Australia|Victoria|Melbourne|Mozilla/5.0 (Windows NT 10.0; Win64; x64) AppleWebKit/537.36 (KHTML, like Gecko) Chrome/92.0.4515.107 Safari/537.36
153823|Duetting wrens sing with telepathic link|2021-07-25 02:11:21|https://staging.cosmosmagazine.com/|101.114.135.248|Australia|Victoria|Melbourne|Mozilla/5.0 (Windows NT 10.0; Win64; x64) AppleWebKit/537.36 (KHTML, like Gecko) Chrome/92.0.4515.107 Safari/537.36
132924|Down with the (antibiotic) resistance!|2021-07-25 03:45:27||40.77.190.223|United States|Illinois|Chicago|Mozilla/5.0 (Windows NT 6.1; WOW64) AppleWebKit/534+ (KHTML, like Gecko) BingPreview/1.0b
10067|Why Asians carry more Neanderthal DNA|2021-07-26 06:52:32|https://staging.cosmosmagazine.com/|135.23.57.30|Canada|Ontario|Niagara Falls|Mozilla/5.0 (Windows NT 10.0; Win64; x64) AppleWebKit/537.36 (KHTML, like Gecko) Chrome/91.0.4472.164 Safari/537.36
145299|Glowing, colour-changing polymer|2021-07-26 07:41:42|https://staging.cosmosmagazine.com/|40.77.188.102|United States|Illinois|Chicago|Mozilla/5.0 (Windows NT 6.1; WOW64) AppleWebKit/534+ (KHTML, like Gecko) BingPreview/1.0b
154677|World Ocean Day wrap: five ocean stories|2021-07-26 16:46:18|https://staging.cosmosmagazine.com/|101.115.43.54|Australia|Victoria|Melbourne|Mozilla/5.0 (Windows NT 10.0; Win64; x64) AppleWebKit/537.36 (KHTML, like Gecko) Chrome/92.0.4515.107 Safari/537.36
153654|Is the Standard Model broken?|2021-07-26 17:47:41|https://staging.cosmosmagazine.com/|101.115.43.54|Australia|Victoria|Melbourne|Mozilla/5.0 (Windows NT 10.0; Win64; x64) AppleWebKit/537.36 (KHTML, like Gecko) Chrome/92.0.4515.107 Safari/537.36
154677|World Ocean Day wrap: five ocean stories|2021-07-26 17:50:36|https://staging.cosmosmagazine.com/|101.115.43.54|Australia|Victoria|Melbourne|Mozilla/5.0 (Windows NT 10.0; Win64; x64) AppleWebKit/537.36 (KHTML, like Gecko) Chrome/92.0.4515.107 Safari/537.36
154677|World Ocean Day wrap: five ocean stories|2021-07-26 17:54:48|https://staging.cosmosmagazine.com/|101.115.43.54|Australia|Victoria|Melbourne|Mozilla/5.0 (Windows NT 10.0; Win64; x64) AppleWebKit/537.36 (KHTML, like Gecko) Chrome/92.0.4515.107 Safari/537.36
154701|Meet Australia’s largest dinosaur|2021-07-26 18:44:26|https://staging.cosmosmagazine.com/|101.115.43.54|Australia|Victoria|Melbourne|Mozilla/5.0 (Windows NT 10.0; Win64; x64) AppleWebKit/537.36 (KHTML, like Gecko) Chrome/92.0.4515.107 Safari/537.36
154677|World Ocean Day wrap: five ocean stories|2021-07-26 22:14:36|https://cosmos.tt123.com.au/|101.115.43.54|Australia|Victoria|Melbourne|Mozilla/5.0 (Windows NT 10.0; Win64; x64) AppleWebKit/537.36 (KHTML, like Gecko) Chrome/92.0.4515.107 Safari/537.36
16390|How to catch lightning|2021-07-26 22:14:56|https://cosmos.tt123.com.au/|101.115.43.54|Australia|Victoria|Melbourne|Mozilla/5.0 (Windows NT 10.0; Win64; x64) AppleWebKit/537.36 (KHTML, like Gecko) Chrome/92.0.4515.107 Safari/537.36
9132|Mars needs you! NASA’s newest recruitment posters|2021-07-26 22:49:54|https://cosmos.tt123.com.au/|101.115.43.54|Australia|Victoria|Melbourne|Mozilla/5.0 (Windows NT 10.0; Win64; x64) AppleWebKit/537.36 (KHTML, like Gecko) Chrome/92.0.4515.107 Safari/537.36
8392|Decadent, delicious… and good for your brain?|2021-07-26 22:52:15|https://cosmos.tt123.com.au/|101.115.43.54|Australia|Victoria|Melbourne|Mozilla/5.0 (Windows NT 10.0; Win64; x64) AppleWebKit/537.36 (KHTML, like Gecko) Chrome/92.0.4515.107 Safari/537.36
148654|Beam the Sun down, Scotty|2021-07-26 22:59:03|https://cosmos.tt123.com.au/|101.115.43.54|Australia|Victoria|Melbourne|Mozilla/5.0 (Windows NT 10.0; Win64; x64) AppleWebKit/537.36 (KHTML, like Gecko) Chrome/92.0.4515.107 Safari/537.36
34604|Bushfires push closer to extinction|2021-07-27 04:49:06||40.77.190.214|United States|Illinois|Chicago|Mozilla/5.0 (Windows NT 6.1; WOW64) AppleWebKit/534+ (KHTML, like Gecko) BingPreview/1.0b
2021-07-27 04:49:06||157.55.39.43|United States|Washington||Mozilla/5.0 (compatible; bingbot/2.0; +http://www.bing.com/bingbot.htm)
2021-07-27 04:49:06||157.55.39.43|United States|Washington||Mozilla/5.0 (compatible; bingbot/2.0; +http://www.bing.com/bingbot.htm)
2021-07-27 04:49:06||157.55.39.43|United States|Washington||Mozilla/5.0 (compatible; bingbot/2.0; +http://www.bing.com/bingbot.htm)
2021-07-27 04:49:07||157.55.39.43|United States|Washington||Mozilla/5.0 (compatible; bingbot/2.0; +http://www.bing.com/bingbot.htm)
2021-07-27 04:49:07||157.55.39.43|United States|Washington||Mozilla/5.0 (compatible; bingbot/2.0; +http://www.bing.com/bingbot.htm)
2021-07-27 04:49:07||157.55.39.43|United States|Washington||Mozilla/5.0 (compatible; bingbot/2.0; +http://www.bing.com/bingbot.htm)
22844|Statins have their place, review finds|2021-07-27 04:49:07|https://cosmos.tt123.com.au/|40.77.191.6|United States|Illinois|Chicago|Mozilla/5.0 (Windows NT 6.1; WOW64) AppleWebKit/534+ (KHTML, like Gecko) BingPreview/1.0b
34594|So that’s what comes out in the wash|2021-07-27 04:49:08|https://cosmos.tt123.com.au/|40.77.191.27|United States|Illinois|Chicago|Mozilla/5.0 (Windows NT 6.1; WOW64) AppleWebKit/534+ (KHTML, like Gecko) BingPreview/1.0b
62027|Getting to grips with superconductivity|2021-07-27 04:49:08||40.77.191.246|United States|Illinois|Chicago|Mozilla/5.0 (Windows NT 6.1; WOW64) AppleWebKit/534+ (KHTML, like Gecko) BingPreview/1.0b
22752|Invading plants boost blue carbon|2021-07-27 04:49:08|https://cosmos.tt123.com.au/|40.77.189.200|United States|Illinois|Chicago|Mozilla/5.0 (Windows NT 6.1; WOW64) AppleWebKit/534+ (KHTML, like Gecko) BingPreview/1.0b
68777|Amazonia domesticated plants early|2021-07-27 04:49:10||40.77.190.191|United States|Illinois|Chicago|Mozilla/5.0 (Windows NT 6.1; WOW64) AppleWebKit/534+ (KHTML, like Gecko) BingPreview/1.0b
26142|No concussion? You still may in trouble|2021-07-27 04:49:14||40.77.139.56|United States|Illinois|Chicago|Mozilla/5.0 (Windows NT 6.1; WOW64) AppleWebKit/534+ (KHTML, like Gecko) BingPreview/1.0b
34919|A beating heart rules Pluto|2021-07-27 04:49:16||40.77.189.205|United States|Illinois|Chicago|Mozilla/5.0 (Windows NT 6.1; WOW64) AppleWebKit/534+ (KHTML, like Gecko) BingPreview/1.0b
25191|T-cells caught in the act|2021-07-27 04:49:17|https://cosmos.tt123.com.au/|40.77.188.218|United States|Illinois|Chicago|Mozilla/5.0 (Windows NT 6.1; WOW64) AppleWebKit/534+ (KHTML, like Gecko) BingPreview/1.0b
23013|For plants, vigilance comes at a cost|2021-07-27 04:49:17||40.77.190.191|United States|Illinois|Chicago|Mozilla/5.0 (Windows NT 6.1; WOW64) AppleWebKit/534+ (KHTML, like Gecko) BingPreview/1.0b
34989|West African gene shared with ancient man|2021-07-27 04:49:17||40.77.188.138|United States|Illinois|Chicago|Mozilla/5.0 (Windows NT 6.1; WOW64) AppleWebKit/534+ (KHTML, like Gecko) BingPreview/1.0b
24711|Bye-bye birdies|2021-07-27 04:49:19||40.77.188.231|United States|Illinois|Chicago|Mozilla/5.0 (Windows NT 6.1; WOW64) AppleWebKit/534+ (KHTML, like Gecko) BingPreview/1.0b
34128|Off for a ride and a brain scan|2021-07-27 04:49:20|https://cosmos.tt123.com.au/|40.77.139.37|United States|Illinois|Chicago|Mozilla/5.0 (Windows NT 6.1; WOW64) AppleWebKit/534+ (KHTML, like Gecko) BingPreview/1.0b
35043|Birds migrated through the last ice age|2021-07-27 04:49:23|https://cosmos.tt123.com.au/|40.77.190.191|United States|Illinois|Chicago|Mozilla/5.0 (Windows NT 6.1; WOW64) AppleWebKit/534+ (KHTML, like Gecko) BingPreview/1.0b
26682|Monosex animals ‘could help prevent disease’|2021-07-27 04:49:24||40.77.189.115|United States|Illinois|Chicago|Mozilla/5.0 (Windows NT 6.1; WOW64) AppleWebKit/534+ (KHTML, like Gecko) BingPreview/1.0b
34063|Bacteria keeping up the fight against dengue|2021-07-27 04:49:25|https://cosmos.tt123.com.au/|40.77.189.55|United States|Illinois|Chicago|Mozilla/5.0 (Windows NT 6.1; WOW64) AppleWebKit/534+ (KHTML, like Gecko) BingPreview/1.0b
34651|How do ancient trees grow so old?|2021-07-27 04:49:27|https://cosmos.tt123.com.au/|40.77.139.82|United States|Illinois|Chicago|Mozilla/5.0 (Windows NT 6.1; WOW64) AppleWebKit/534+ (KHTML, like Gecko) BingPreview/1.0b
26193|Virginia Apgar and the Agpar Score|2021-07-27 04:49:27|https://cosmos.tt123.com.au/|40.77.188.70|United States|Illinois|Chicago|Mozilla/5.0 (Windows NT 6.1; WOW64) AppleWebKit/534+ (KHTML, like Gecko) BingPreview/1.0b
26782|Promising intermediary black hole candidate|2021-07-27 04:49:28|https://cosmos.tt123.com.au/|40.77.139.53|United States|Illinois|Chicago|Mozilla/5.0 (Windows NT 6.1; WOW64) AppleWebKit/534+ (KHTML, like Gecko) BingPreview/1.0b
22411|Elks on the horns of a dilemma|2021-07-27 04:49:28|https://cosmos.tt123.com.au/|40.77.189.133|United States|Illinois|Chicago|Mozilla/5.0 (Windows NT 6.1; WOW64) AppleWebKit/534+ (KHTML, like Gecko) BingPreview/1.0b
24998|Measles spike prompts anti-vax warning|2021-07-27 04:49:28|https://cosmos.tt123.com.au/|40.77.190.191|United States|Illinois|Chicago|Mozilla/5.0 (Windows NT 6.1; WOW64) AppleWebKit/534+ (KHTML, like Gecko) BingPreview/1.0b
23790|A psychedelic chameleon|2021-07-27 04:49:28|https://cosmos.tt123.com.au/|40.77.191.64|United States|Illinois|Chicago|Mozilla/5.0 (Windows NT 6.1; WOW64) AppleWebKit/534+ (KHTML, like Gecko) BingPreview/1.0b
34288|Astro assistance for cancer?|2021-07-27 04:49:29||40.77.139.121|United States|Illinois|Chicago|Mozilla/5.0 (Windows NT 6.1; WOW64) AppleWebKit/534+ (KHTML, like Gecko) BingPreview/1.0b
26130|Access is the biggest food cue of all|2021-07-27 04:49:35|https://cosmos.tt123.com.au/|40.77.189.124|United States|Illinois|Chicago|Mozilla/5.0 (Windows NT 6.1; WOW64) AppleWebKit/534+ (KHTML, like Gecko) BingPreview/1.0b
25123|The neglected route for throat gonorrhoea|2021-07-27 04:49:35||40.77.191.237|United States|Illinois|Chicago|Mozilla/5.0 (Windows NT 6.1; WOW64) AppleWebKit/534+ (KHTML, like Gecko) BingPreview/1.0b
34071|Do small animals suffer if you lose big ones?|2021-07-27 04:49:36|https://cosmos.tt123.com.au/|40.77.190.146|United States|Illinois|Chicago|Mozilla/5.0 (Windows NT 6.1; WOW64) AppleWebKit/534+ (KHTML, like Gecko) BingPreview/1.0b
34101|For better research, let mice be mice|2021-07-27 04:49:37|https://cosmos.tt123.com.au/|40.77.190.117|United States|Illinois|Chicago|Mozilla/5.0 (Windows NT 6.1; WOW64) AppleWebKit/534+ (KHTML, like Gecko) BingPreview/1.0b
35718|History: Rene Dubos finds life in the earth|2021-07-27 04:49:38||40.77.188.181|United States|Illinois|Chicago|Mozilla/5.0 (Windows NT 6.1; WOW64) AppleWebKit/534+ (KHTML, like Gecko) BingPreview/1.0b
61986|COVID frontline: Portland and Seattle|2021-07-27 04:49:39|https://cosmos.tt123.com.au/|40.77.188.37|United States|Illinois|Chicago|Mozilla/5.0 (Windows NT 6.1; WOW64) AppleWebKit/534+ (KHTML, like Gecko) BingPreview/1.0b
23263|Alan Turing’s equations explain shark skin|2021-07-27 04:49:40||40.77.188.81|United States|Illinois|Chicago|Mozilla/5.0 (Windows NT 6.1; WOW64) AppleWebKit/534+ (KHTML, like Gecko) BingPreview/1.0b
34508|Moves like a marsupial, climbs like a primate|2021-07-27 04:49:41|https://cosmos.tt123.com.au/|40.77.190.191|United States|Illinois|Chicago|Mozilla/5.0 (Windows NT 6.1; WOW64) AppleWebKit/534+ (KHTML, like Gecko) BingPreview/1.0b
22464|Starlings go tweet|2021-07-27 04:49:42||40.77.188.169|United States|Illinois|Chicago|Mozilla/5.0 (Windows NT 6.1; WOW64) AppleWebKit/534+ (KHTML, like Gecko) BingPreview/1.0b
22828|The next flu pandemic will be modern|2021-07-27 04:49:43||40.77.139.111|United States|Illinois|Chicago|Mozilla/5.0 (Windows NT 6.1; WOW64) AppleWebKit/534+ (KHTML, like Gecko) BingPreview/1.0b
22148|Weeds in poor city areas have nutritional value|2021-07-27 04:49:45||40.77.190.153|United States|Illinois|Chicago|Mozilla/5.0 (Windows NT 6.1; WOW64) AppleWebKit/534+ (KHTML, like Gecko) BingPreview/1.0b
22648|MDMA triggers hug-fest in octopuses|2021-07-27 04:49:46|https://cosmos.tt123.com.au/|40.77.139.85|United States|Illinois|Chicago|Mozilla/5.0 (Windows NT 6.1; WOW64) AppleWebKit/534+ (KHTML, like Gecko) BingPreview/1.0b
34991|Reversing the reproductive clock|2021-07-27 04:49:48|https://cosmos.tt123.com.au/|40.77.188.34|United States|Illinois|Chicago|Mozilla/5.0 (Windows NT 6.1; WOW64) AppleWebKit/534+ (KHTML, like Gecko) BingPreview/1.0b
22972|In a quiet grove, a quoll appears|2021-07-27 04:49:48|https://cosmos.tt123.com.au/|40.77.139.59|United States|Illinois|Chicago|Mozilla/5.0 (Windows NT 6.1; WOW64) AppleWebKit/534+ (KHTML, like Gecko) BingPreview/1.0b
22510|The battle against polio still has a way to go|2021-07-27 04:49:50|https://cosmos.tt123.com.au/|40.77.188.126|United States|Illinois|Chicago|Mozilla/5.0 (Windows NT 6.1; WOW64) AppleWebKit/534+ (KHTML, like Gecko) BingPreview/1.0b
24690|Lizard produces eggs and live young|2021-07-27 04:49:50||40.77.189.242|United States|Illinois|Chicago|Mozilla/5.0 (Windows NT 6.1; WOW64) AppleWebKit/534+ (KHTML, like Gecko) BingPreview/1.0b
26736|Bees are nearly lost before they’re found|2021-07-27 04:49:52||40.77.188.202|United States|Illinois|Chicago|Mozilla/5.0 (Windows NT 6.1; WOW64) AppleWebKit/534+ (KHTML, like Gecko) BingPreview/1.0b
24898|Diabetes concerns over food preservative|2021-07-27 04:49:52||40.77.139.81|United States|Illinois|Chicago|Mozilla/5.0 (Windows NT 6.1; WOW64) AppleWebKit/534+ (KHTML, like Gecko) BingPreview/1.0b
23358|The industrial potential of wombat poo|2021-07-27 04:49:55||40.77.191.47|United States|Illinois|Chicago|Mozilla/5.0 (Windows NT 6.1; WOW64) AppleWebKit/534+ (KHTML, like Gecko) BingPreview/1.0b
23187|Candy company finds chocolate is good for you|2021-07-27 04:49:57|https://cosmos.tt123.com.au/|40.77.188.216|United States|Illinois|Chicago|Mozilla/5.0 (Windows NT 6.1; WOW64) AppleWebKit/534+ (KHTML, like Gecko) BingPreview/1.0b
22393|Finding the trends in newborn lives|2021-07-27 04:49:58||40.77.139.13|United States|Illinois|Chicago|Mozilla/5.0 (Windows NT 6.1; WOW64) AppleWebKit/534+ (KHTML, like Gecko) BingPreview/1.0b
22043|Using mice to explore Alzheimer’s and smell|2021-07-27 04:49:58||40.77.188.68|United States|Illinois|Chicago|Mozilla/5.0 (Windows NT 6.1; WOW64) AppleWebKit/534+ (KHTML, like Gecko) BingPreview/1.0b
55492|What causes equatorial marine biodiversity?|2021-07-27 04:50:00|https://cosmos.tt123.com.au/|40.77.191.248|United States|Illinois|Chicago|Mozilla/5.0 (Windows NT 6.1; WOW64) AppleWebKit/534+ (KHTML, like Gecko) BingPreview/1.0b
34153|Not your usual African safari|2021-07-27 04:50:02|https://cosmos.tt123.com.au/|40.77.190.204|United States|Illinois|Chicago|Mozilla/5.0 (Windows NT 6.1; WOW64) AppleWebKit/534+ (KHTML, like Gecko) BingPreview/1.0b
34587|An in-depth look at cuttlefish hunting|2021-07-27 04:50:03||40.77.139.6|United States|Illinois|Chicago|Mozilla/5.0 (Windows NT 6.1; WOW64) AppleWebKit/534+ (KHTML, like Gecko) BingPreview/1.0b
34236|Hyper-fast star ejected by supermassive black hole|2021-07-27 04:50:04|https://cosmos.tt123.com.au/|40.77.191.236|United States|Illinois|Chicago|Mozilla/5.0 (Windows NT 6.1; WOW64) AppleWebKit/534+ (KHTML, like Gecko) BingPreview/1.0b
34740|New sharks and rediscovered rays|2021-07-27 04:50:11||40.77.190.154|United States|Illinois|Chicago|Mozilla/5.0 (Windows NT 6.1; WOW64) AppleWebKit/534+ (KHTML, like Gecko) BingPreview/1.0b
35177|Lose the levee and keep the wetlands|2021-07-27 04:50:13|https://cosmos.tt123.com.au/|40.77.190.77|United States|Illinois|Chicago|Mozilla/5.0 (Windows NT 6.1; WOW64) AppleWebKit/534+ (KHTML, like Gecko) BingPreview/1.0b
25012|People are flocking to see melting glaciers|2021-07-27 04:50:14|https://cosmos.tt123.com.au/|40.77.191.225|United States|Illinois|Chicago|Mozilla/5.0 (Windows NT 6.1; WOW64) AppleWebKit/534+ (KHTML, like Gecko) BingPreview/1.0b
34590|Stars on the outskirts of the Milky Way|2021-07-27 04:50:14||40.77.191.227|United States|Illinois|Chicago|Mozilla/5.0 (Windows NT 6.1; WOW64) AppleWebKit/534+ (KHTML, like Gecko) BingPreview/1.0b
23473|Bees take novel parentage to the extreme|2021-07-27 04:50:16|https://cosmos.tt123.com.au/|40.77.190.155|United States|Illinois|Chicago|Mozilla/5.0 (Windows NT 6.1; WOW64) AppleWebKit/534+ (KHTML, like Gecko) BingPreview/1.0b
35645|An ancient mantis-man|2021-07-27 04:50:16||40.77.139.52|United States|Illinois|Chicago|Mozilla/5.0 (Windows NT 6.1; WOW64) AppleWebKit/534+ (KHTML, like Gecko) BingPreview/1.0b
23796|Blood pressure, vampire bats and drug traffickers|2021-07-27 04:50:19||40.77.139.102|United States|Illinois|Chicago|Mozilla/5.0 (Windows NT 6.1; WOW64) AppleWebKit/534+ (KHTML, like Gecko) BingPreview/1.0b
22832|Smarter living for farmers|2021-07-27 04:50:19|https://cosmos.tt123.com.au/|40.77.139.64|United States|Illinois|Chicago|Mozilla/5.0 (Windows NT 6.1; WOW64) AppleWebKit/534+ (KHTML, like Gecko) BingPreview/1.0b
22929|2.5 billion years’ of evolutionary history lost|2021-07-27 04:50:21||40.77.188.163|United States|Illinois|Chicago|Mozilla/5.0 (Windows NT 6.1; WOW64) AppleWebKit/534+ (KHTML, like Gecko) BingPreview/1.0b
24011|Seaweed prospers with kelp from its friends|2021-07-27 04:50:21|https://cosmos.tt123.com.au/|40.77.190.191|United States|Illinois|Chicago|Mozilla/5.0 (Windows NT 6.1; WOW64) AppleWebKit/534+ (KHTML, like Gecko) BingPreview/1.0b
26912|Immune system lends the brain a hand|2021-07-27 04:50:22||40.77.139.114|United States|Illinois|Chicago|Mozilla/5.0 (Windows NT 6.1; WOW64) AppleWebKit/534+ (KHTML, like Gecko) BingPreview/1.0b
22409|Popular painkiller linked to cardiac risk|2021-07-27 04:50:26|https://cosmos.tt123.com.au/|40.77.188.11|United States|Illinois|Chicago|Mozilla/5.0 (Windows NT 6.1; WOW64) AppleWebKit/534+ (KHTML, like Gecko) BingPreview/1.0b
34206|Canines recognise words, regardless of the speaker|2021-07-27 04:50:26|https://cosmos.tt123.com.au/|40.77.190.191|United States|Illinois|Chicago|Mozilla/5.0 (Windows NT 6.1; WOW64) AppleWebKit/534+ (KHTML, like Gecko) BingPreview/1.0b
22078|Worm’s glow-in-the-dark secrets revealed|2021-07-27 04:50:27|https://cosmos.tt123.com.au/|40.77.191.238|United States|Illinois|Chicago|Mozilla/5.0 (Windows NT 6.1; WOW64) AppleWebKit/534+ (KHTML, like Gecko) BingPreview/1.0b
26852|Rare view of a jellyfish galaxy|2021-07-27 04:50:27||40.77.189.159|United States|Illinois|Chicago|Mozilla/5.0 (Windows NT 6.1; WOW64) AppleWebKit/534+ (KHTML, like Gecko) BingPreview/1.0b
34269|Dr Karl wins prestigious Kalinga Prize|2021-07-27 04:50:31||40.77.190.12|United States|Illinois|Chicago|Mozilla/5.0 (Windows NT 6.1; WOW64) AppleWebKit/534+ (KHTML, like Gecko) BingPreview/1.0b
24533|Obese patients do better in certain treatments|2021-07-27 04:50:31|https://cosmos.tt123.com.au/|40.77.190.191|United States|Illinois|Chicago|Mozilla/5.0 (Windows NT 6.1; WOW64) AppleWebKit/534+ (KHTML, like Gecko) BingPreview/1.0b
35633|Global warming impact underestimated|2021-07-27 04:50:33|https://cosmos.tt123.com.au/|40.77.189.28|United States|Illinois|Chicago|Mozilla/5.0 (Windows NT 6.1; WOW64) AppleWebKit/534+ (KHTML, like Gecko) BingPreview/1.0b
34696|Hot end to our hottest decade|2021-07-27 04:50:34|https://cosmos.tt123.com.au/|40.77.188.202|United States|Illinois|Chicago|Mozilla/5.0 (Windows NT 6.1; WOW64) AppleWebKit/534+ (KHTML, like Gecko) BingPreview/1.0b
34496|Lola found in ancient chewing gum|2021-07-27 04:50:34||40.77.139.73|United States|Illinois|Chicago|Mozilla/5.0 (Windows NT 6.1; WOW64) AppleWebKit/534+ (KHTML, like Gecko) BingPreview/1.0b
23078|Evidence herpes virus is a cause of Alzheimer’s|2021-07-27 04:50:35||40.77.190.167|United States|Illinois|Chicago|Mozilla/5.0 (Windows NT 6.1; WOW64) AppleWebKit/534+ (KHTML, like Gecko) BingPreview/1.0b
35201|How morally egalitarian are we?|2021-07-27 04:50:35||40.77.188.155|United States|Illinois|Chicago|Mozilla/5.0 (Windows NT 6.1; WOW64) AppleWebKit/534+ (KHTML, like Gecko) BingPreview/1.0b
34649|Why cancer treatments cause bone loss|2021-07-27 04:50:39|https://cosmos.tt123.com.au/|40.77.190.191|United States|Illinois|Chicago|Mozilla/5.0 (Windows NT 6.1; WOW64) AppleWebKit/534+ (KHTML, like Gecko) BingPreview/1.0b
34494|Vaping increases risk of lung disease, study finds|2021-07-27 04:50:39||40.77.188.193|United States|Illinois|Chicago|Mozilla/5.0 (Windows NT 6.1; WOW64) AppleWebKit/534+ (KHTML, like Gecko) BingPreview/1.0b
35022|Where finding fish is easy|2021-07-27 04:50:42|https://cosmos.tt123.com.au/|40.77.189.248|United States|Illinois|Chicago|Mozilla/5.0 (Windows NT 6.1; WOW64) AppleWebKit/534+ (KHTML, like Gecko) BingPreview/1.0b
35019|Watching on as Betelgeuse dims|2021-07-27 04:50:43|https://cosmos.tt123.com.au/|40.77.190.60|United States|Illinois|Chicago|Mozilla/5.0 (Windows NT 6.1; WOW64) AppleWebKit/534+ (KHTML, like Gecko) BingPreview/1.0b
22528|Harnessing another kind of wind power|2021-07-27 04:50:43||40.77.188.45|United States|Illinois|Chicago|Mozilla/5.0 (Windows NT 6.1; WOW64) AppleWebKit/534+ (KHTML, like Gecko) BingPreview/1.0b
25028|Sex med as heart failure drug?|2021-07-27 04:50:45|https://cosmos.tt123.com.au/|40.77.190.191|United States|Illinois|Chicago|Mozilla/5.0 (Windows NT 6.1; WOW64) AppleWebKit/534+ (KHTML, like Gecko) BingPreview/1.0b
24502|Exercising 10 minutes a week cuts death risk|2021-07-27 04:50:46||40.77.139.81|United States|Illinois|Chicago|Mozilla/5.0 (Windows NT 6.1; WOW64) AppleWebKit/534+ (KHTML, like Gecko) BingPreview/1.0b
26763|Better together: forest fragments are healthier when connected|2021-07-27 04:50:47||40.77.188.187|United States|Illinois|Chicago|Mozilla/5.0 (Windows NT 6.1; WOW64) AppleWebKit/534+ (KHTML, like Gecko) BingPreview/1.0b
22310|Macaws blush to communicate|2021-07-27 04:50:49|https://cosmos.tt123.com.au/|40.77.190.191|United States|Illinois|Chicago|Mozilla/5.0 (Windows NT 6.1; WOW64) AppleWebKit/534+ (KHTML, like Gecko) BingPreview/1.0b
23540|Fox on the run|2021-07-27 04:50:51||40.77.191.20|United States|Illinois|Chicago|Mozilla/5.0 (Windows NT 6.1; WOW64) AppleWebKit/534+ (KHTML, like Gecko) BingPreview/1.0b
22766|There really are snakes on planes|2021-07-27 04:50:51|https://cosmos.tt123.com.au/|40.77.189.1|United States|Illinois|Chicago|Mozilla/5.0 (Windows NT 6.1; WOW64) AppleWebKit/534+ (KHTML, like Gecko) BingPreview/1.0b
24442|To get into character, shut down parts of brain|2021-07-27 04:50:52|https://cosmos.tt123.com.au/|40.77.190.174|United States|Illinois|Chicago|Mozilla/5.0 (Windows NT 6.1; WOW64) AppleWebKit/534+ (KHTML, like Gecko) BingPreview/1.0b
22227|Ants avoiding a jam|2021-07-27 04:50:53||40.77.189.51|United States|Illinois|Chicago|Mozilla/5.0 (Windows NT 6.1; WOW64) AppleWebKit/534+ (KHTML, like Gecko) BingPreview/1.0b
22239|Don’t believe the mice|2021-07-27 04:50:54|https://cosmos.tt123.com.au/|40.77.188.42|United States|Illinois|Chicago|Mozilla/5.0 (Windows NT 6.1; WOW64) AppleWebKit/534+ (KHTML, like Gecko) BingPreview/1.0b
23538|Carrion baggage|2021-07-27 04:50:56||40.77.191.244|United States|Illinois|Chicago|Mozilla/5.0 (Windows NT 6.1; WOW64) AppleWebKit/534+ (KHTML, like Gecko) BingPreview/1.0b
22939|Blood test could see some  skip chemo|2021-07-27 04:50:57||40.77.190.191|United States|Illinois|Chicago|Mozilla/5.0 (Windows NT 6.1; WOW64) AppleWebKit/534+ (KHTML, like Gecko) BingPreview/1.0b
68768|Why we should be eating microalgae|2021-07-27 04:50:58||40.77.139.67|United States|Illinois|Chicago|Mozilla/5.0 (Windows NT 6.1; WOW64) AppleWebKit/534+ (KHTML, like Gecko) BingPreview/1.0b
35238|Astronauts grow lettuce in space|2021-07-27 04:50:59||40.77.190.15|United States|Illinois|Chicago|Mozilla/5.0 (Windows NT 6.1; WOW64) AppleWebKit/534+ (KHTML, like Gecko) BingPreview/1.0b
35118|Humans survived volcanic super-eruption|2021-07-27 04:50:59|https://cosmos.tt123.com.au/|40.77.190.191|United States|Illinois|Chicago|Mozilla/5.0 (Windows NT 6.1; WOW64) AppleWebKit/534+ (KHTML, like Gecko) BingPreview/1.0b
22322|Life sprang on Earth before the asteroids stopped|2021-07-27 04:51:01|https://cosmos.tt123.com.au/|40.77.188.8|United States|Illinois|Chicago|Mozilla/5.0 (Windows NT 6.1; WOW64) AppleWebKit/534+ (KHTML, like Gecko) BingPreview/1.0b
68734|3D-printed coral better than the real thing|2021-07-27 04:51:02||40.77.190.67|United States|Illinois|Chicago|Mozilla/5.0 (Windows NT 6.1; WOW64) AppleWebKit/534+ (KHTML, like Gecko) BingPreview/1.0b
90384|Lionfish quite at home in the Mediterranean|2021-07-27 04:51:02||40.77.190.67|United States|Illinois|Chicago|Mozilla/5.0 (Windows NT 6.1; WOW64) AppleWebKit/534+ (KHTML, like Gecko) BingPreview/1.0b
35567|Bacterial communities on your tongue|2021-07-27 04:51:05||40.77.190.97|United States|Illinois|Chicago|Mozilla/5.0 (Windows NT 6.1; WOW64) AppleWebKit/534+ (KHTML, like Gecko) BingPreview/1.0b
22818|Watch: Taking care of coral babies|2021-07-27 04:51:16|https://cosmos.tt123.com.au/|40.77.189.1|United States|Illinois|Chicago|Mozilla/5.0 (Windows NT 6.1; WOW64) AppleWebKit/534+ (KHTML, like Gecko) BingPreview/1.0b
34600|The story of a brain with staying power|2021-07-27 04:51:16||40.77.188.190|United States|Illinois|Chicago|Mozilla/5.0 (Windows NT 6.1; WOW64) AppleWebKit/534+ (KHTML, like Gecko) BingPreview/1.0b
34807|Bushfires release mercury stored in plants|2021-07-27 04:51:16|https://cosmos.tt123.com.au/|40.77.190.133|United States|Illinois|Chicago|Mozilla/5.0 (Windows NT 6.1; WOW64) AppleWebKit/534+ (KHTML, like Gecko) BingPreview/1.0b
25137|Researchers probe the acoustics of screams|2021-07-27 04:51:17|https://cosmos.tt123.com.au/|40.77.190.105|United States|Illinois|Chicago|Mozilla/5.0 (Windows NT 6.1; WOW64) AppleWebKit/534+ (KHTML, like Gecko) BingPreview/1.0b
81967|New microscope sets new standards|2021-07-27 04:51:18||40.77.189.164|United States|Illinois|Chicago|Mozilla/5.0 (Windows NT 6.1; WOW64) AppleWebKit/534+ (KHTML, like Gecko) BingPreview/1.0b
34886|How contagious is the Wuhan coronavirus?|2021-07-27 04:51:21|https://cosmos.tt123.com.au/|40.77.190.219|United States|Illinois|Chicago|Mozilla/5.0 (Windows NT 6.1; WOW64) AppleWebKit/534+ (KHTML, like Gecko) BingPreview/1.0b
35643|Prehistoric structure of mammoth bones|2021-07-27 04:51:23||40.77.190.170|United States|Illinois|Chicago|Mozilla/5.0 (Windows NT 6.1; WOW64) AppleWebKit/534+ (KHTML, like Gecko) BingPreview/1.0b
23309|Superstars of STEM: The hero of the half-shell|2021-07-27 04:51:24|https://cosmos.tt123.com.au/|40.77.189.137|United States|Illinois|Chicago|Mozilla/5.0 (Windows NT 6.1; WOW64) AppleWebKit/534+ (KHTML, like Gecko) BingPreview/1.0b
22784|Algae go “ping”, and that could be useful|2021-07-27 04:51:27||40.77.190.191|United States|Illinois|Chicago|Mozilla/5.0 (Windows NT 6.1; WOW64) AppleWebKit/534+ (KHTML, like Gecko) BingPreview/1.0b
22013|Head injury risk higher for female soccer players|2021-07-27 04:51:28|https://cosmos.tt123.com.au/|40.77.190.163|United States|Illinois|Chicago|Mozilla/5.0 (Windows NT 6.1; WOW64) AppleWebKit/534+ (KHTML, like Gecko) BingPreview/1.0b
20877|Soon the largest creature on Earth will be a cow|2021-07-27 04:51:28|https://cosmos.tt123.com.au/|40.77.189.203|United States|Illinois|Chicago|Mozilla/5.0 (Windows NT 6.1; WOW64) AppleWebKit/534+ (KHTML, like Gecko) BingPreview/1.0b
27080|A virus for good, not evil|2021-07-27 04:51:30|https://cosmos.tt123.com.au/|40.77.190.184|United States|Illinois|Chicago|Mozilla/5.0 (Windows NT 6.1; WOW64) AppleWebKit/534+ (KHTML, like Gecko) BingPreview/1.0b
22015|All-female salamander species steals sperm|2021-07-27 04:51:31||40.77.191.233|United States|Illinois|Chicago|Mozilla/5.0 (Windows NT 6.1; WOW64) AppleWebKit/534+ (KHTML, like Gecko) BingPreview/1.0b
25276|Rethink mouse experiment protocols|2021-07-27 04:51:36|https://cosmos.tt123.com.au/|40.77.139.60|United States|Illinois|Chicago|Mozilla/5.0 (Windows NT 6.1; WOW64) AppleWebKit/534+ (KHTML, like Gecko) BingPreview/1.0b
22397|A Nobel Prize-winning virologist dies|2021-07-27 04:51:36||40.77.139.116|United States|Illinois|Chicago|Mozilla/5.0 (Windows NT 6.1; WOW64) AppleWebKit/534+ (KHTML, like Gecko) BingPreview/1.0b
34670|Vast avian database links form to function|2021-07-27 04:51:36|https://cosmos.tt123.com.au/|40.77.189.27|United States|Illinois|Chicago|Mozilla/5.0 (Windows NT 6.1; WOW64) AppleWebKit/534+ (KHTML, like Gecko) BingPreview/1.0b
35179|Parrots do probability|2021-07-27 04:51:37|https://cosmos.tt123.com.au/|40.77.139.15|United States|Illinois|Chicago|Mozilla/5.0 (Windows NT 6.1; WOW64) AppleWebKit/534+ (KHTML, like Gecko) BingPreview/1.0b
34712|Should we thin our forests?|2021-07-27 04:51:38|https://cosmos.tt123.com.au/|40.77.188.200|United States|Illinois|Chicago|Mozilla/5.0 (Windows NT 6.1; WOW64) AppleWebKit/534+ (KHTML, like Gecko) BingPreview/1.0b
26985|Placebo effect can be a social thing|2021-07-27 04:51:39|https://cosmos.tt123.com.au/|40.77.189.170|United States|Illinois|Chicago|Mozilla/5.0 (Windows NT 6.1; WOW64) AppleWebKit/534+ (KHTML, like Gecko) BingPreview/1.0b
34849|Buffering vineyards against climate change|2021-07-27 04:51:40||40.77.190.24|United States|Illinois|Chicago|Mozilla/5.0 (Windows NT 6.1; WOW64) AppleWebKit/534+ (KHTML, like Gecko) BingPreview/1.0b
16843|What if we stopped emitting greenhouse gases right now?|2021-07-27 04:51:42||40.77.190.191|United States|Illinois|Chicago|Mozilla/5.0 (Windows NT 6.1; WOW64) AppleWebKit/534+ (KHTML, like Gecko) BingPreview/1.0b
22229|Trying to crack the cancer code|2021-07-27 04:51:45||40.77.139.42|United States|Illinois|Chicago|Mozilla/5.0 (Windows NT 6.1; WOW64) AppleWebKit/534+ (KHTML, like Gecko) BingPreview/1.0b
23498|The genome of Lonesome George|2021-07-27 04:51:46||40.77.139.65|United States|Illinois|Chicago|Mozilla/5.0 (Windows NT 6.1; WOW64) AppleWebKit/534+ (KHTML, like Gecko) BingPreview/1.0b
100495|Cannabis identified at Judahite shrine|2021-07-27 04:51:47|https://cosmos.tt123.com.au/|40.77.191.228|United States|Illinois|Chicago|Mozilla/5.0 (Windows NT 6.1; WOW64) AppleWebKit/534+ (KHTML, like Gecko) BingPreview/1.0b
22695|Gastro outbreak linked to breeder antibiotic use|2021-07-27 04:51:47|https://cosmos.tt123.com.au/|40.77.188.229|United States|Illinois|Chicago|Mozilla/5.0 (Windows NT 6.1; WOW64) AppleWebKit/534+ (KHTML, like Gecko) BingPreview/1.0b
24941|Slime moulds memories are made of this|2021-07-27 04:51:49||40.77.191.219|United States|Illinois|Chicago|Mozilla/5.0 (Windows NT 6.1; WOW64) AppleWebKit/534+ (KHTML, like Gecko) BingPreview/1.0b
34745|When sensors get together|2021-07-27 04:51:50||40.77.190.136|United States|Illinois|Chicago|Mozilla/5.0 (Windows NT 6.1; WOW64) AppleWebKit/534+ (KHTML, like Gecko) BingPreview/1.0b
35007|A feed like this is getting harder to get|2021-07-27 04:51:52|https://cosmos.tt123.com.au/|40.77.139.106|United States|Illinois|Chicago|Mozilla/5.0 (Windows NT 6.1; WOW64) AppleWebKit/534+ (KHTML, like Gecko) BingPreview/1.0b
25545|Cases for not removing plastic packaging|2021-07-27 04:51:53|https://cosmos.tt123.com.au/|40.77.190.44|United States|Illinois|Chicago|Mozilla/5.0 (Windows NT 6.1; WOW64) AppleWebKit/534+ (KHTML, like Gecko) BingPreview/1.0b
35063|Ancient methane stores may not be a threat|2021-07-27 04:51:56||40.77.139.3|United States|Illinois|Chicago|Mozilla/5.0 (Windows NT 6.1; WOW64) AppleWebKit/534+ (KHTML, like Gecko) BingPreview/1.0b
34286|This old bird did shake its tail feathers|2021-07-27 04:51:57||40.77.190.21|United States|Illinois|Chicago|Mozilla/5.0 (Windows NT 6.1; WOW64) AppleWebKit/534+ (KHTML, like Gecko) BingPreview/1.0b
22298|Meet the hellbender|2021-07-27 04:52:01|https://cosmos.tt123.com.au/|40.77.139.119|United States|Illinois|Chicago|Mozilla/5.0 (Windows NT 6.1; WOW64) AppleWebKit/534+ (KHTML, like Gecko) BingPreview/1.0b
24029|Low birth weight linked to mental health risk|2021-07-27 04:52:03|https://cosmos.tt123.com.au/|40.77.190.191|United States|Illinois|Chicago|Mozilla/5.0 (Windows NT 6.1; WOW64) AppleWebKit/534+ (KHTML, like Gecko) BingPreview/1.0b
22724|Low-dose contraceptive protects against cancer|2021-07-27 04:52:03||40.77.190.146|United States|Illinois|Chicago|Mozilla/5.0 (Windows NT 6.1; WOW64) AppleWebKit/534+ (KHTML, like Gecko) BingPreview/1.0b
91907|Sentinel surveillance and COVID-19|2021-07-27 04:52:04|https://cosmos.tt123.com.au/|40.77.189.96|United States|Illinois|Chicago|Mozilla/5.0 (Windows NT 6.1; WOW64) AppleWebKit/534+ (KHTML, like Gecko) BingPreview/1.0b
26255|When is CBT useful for depression?|2021-07-27 04:52:05|https://cosmos.tt123.com.au/|40.77.139.81|United States|Illinois|Chicago|Mozilla/5.0 (Windows NT 6.1; WOW64) AppleWebKit/534+ (KHTML, like Gecko) BingPreview/1.0b
34306|Taking cues from binge drinking mice|2021-07-27 04:52:06|https://cosmos.tt123.com.au/|40.77.139.105|United States|Illinois|Chicago|Mozilla/5.0 (Windows NT 6.1; WOW64) AppleWebKit/534+ (KHTML, like Gecko) BingPreview/1.0b
22176|The secret of Elephant cancer resistance|2021-07-27 04:52:07||40.77.189.50|United States|Illinois|Chicago|Mozilla/5.0 (Windows NT 6.1; WOW64) AppleWebKit/534+ (KHTML, like Gecko) BingPreview/1.0b
26983|Meet the cunning toad viper|2021-07-27 04:52:09|https://cosmos.tt123.com.au/|40.77.139.21|United States|Illinois|Chicago|Mozilla/5.0 (Windows NT 6.1; WOW64) AppleWebKit/534+ (KHTML, like Gecko) BingPreview/1.0b
22988|Drink coffee to reduce rosacea risk|2021-07-27 04:52:09|https://cosmos.tt123.com.au/|40.77.139.73|United States|Illinois|Chicago|Mozilla/5.0 (Windows NT 6.1; WOW64) AppleWebKit/534+ (KHTML, like Gecko) BingPreview/1.0b
25221|Single gene controls snail shell coiling|2021-07-27 04:52:15|https://cosmos.tt123.com.au/|40.77.190.191|United States|Illinois|Chicago|Mozilla/5.0 (Windows NT 6.1; WOW64) AppleWebKit/534+ (KHTML, like Gecko) BingPreview/1.0b
23726|No evidence to support a health claim for cocoa|2021-07-27 04:52:15||40.77.190.17|United States|Illinois|Chicago|Mozilla/5.0 (Windows NT 6.1; WOW64) AppleWebKit/534+ (KHTML, like Gecko) BingPreview/1.0b
34468|Why are whales so big, but not bigger?|2021-07-27 04:52:15|https://cosmos.tt123.com.au/|40.77.190.67|United States|Illinois|Chicago|Mozilla/5.0 (Windows NT 6.1; WOW64) AppleWebKit/534+ (KHTML, like Gecko) BingPreview/1.0b
34554|When their world burns, what do predators do?|2021-07-27 04:52:16||40.77.191.245|United States|Illinois|Chicago|Mozilla/5.0 (Windows NT 6.1; WOW64) AppleWebKit/534+ (KHTML, like Gecko) BingPreview/1.0b
26126|Superbugs could lead to next-gen plastics|2021-07-27 04:52:18|https://cosmos.tt123.com.au/|40.77.139.25|United States|Illinois|Chicago|Mozilla/5.0 (Windows NT 6.1; WOW64) AppleWebKit/534+ (KHTML, like Gecko) BingPreview/1.0b
22866|Insect eye attracts compound interest|2021-07-27 04:52:19||40.77.190.184|United States|Illinois|Chicago|Mozilla/5.0 (Windows NT 6.1; WOW64) AppleWebKit/534+ (KHTML, like Gecko) BingPreview/1.0b
25803|The wiring of worms revealed|2021-07-27 04:52:20|https://cosmos.tt123.com.au/|40.77.189.169|United States|Illinois|Chicago|Mozilla/5.0 (Windows NT 6.1; WOW64) AppleWebKit/534+ (KHTML, like Gecko) BingPreview/1.0b
26111|A tree stump that refuses to die|2021-07-27 04:52:21||40.77.188.22|United States|Illinois|Chicago|Mozilla/5.0 (Windows NT 6.1; WOW64) AppleWebKit/534+ (KHTML, like Gecko) BingPreview/1.0b
25952|Reptilian street smarts|2021-07-27 04:52:22||40.77.139.63|United States|Illinois|Chicago|Mozilla/5.0 (Windows NT 6.1; WOW64) AppleWebKit/534+ (KHTML, like Gecko) BingPreview/1.0b
23021|Glass sponges can handle the heat|2021-07-27 04:52:23|https://cosmos.tt123.com.au/|40.77.188.160|United States|Illinois|Chicago|Mozilla/5.0 (Windows NT 6.1; WOW64) AppleWebKit/534+ (KHTML, like Gecko) BingPreview/1.0b
24055|Can fish be self-aware? The answer isn easy|2021-07-27 04:52:24||40.77.188.231|United States|Illinois|Chicago|Mozilla/5.0 (Windows NT 6.1; WOW64) AppleWebKit/534+ (KHTML, like Gecko) BingPreview/1.0b
23679|Watch: the deconstructed reef|2021-07-27 04:52:24|https://cosmos.tt123.com.au/|40.77.189.95|United States|Illinois|Chicago|Mozilla/5.0 (Windows NT 6.1; WOW64) AppleWebKit/534+ (KHTML, like Gecko) BingPreview/1.0b
24201|Revealed: the carrot of youth|2021-07-27 04:52:26||40.77.190.141|United States|Illinois|Chicago|Mozilla/5.0 (Windows NT 6.1; WOW64) AppleWebKit/534+ (KHTML, like Gecko) BingPreview/1.0b
26826|Brooding bees lose sleep for their young|2021-07-27 04:52:27||40.77.188.202|United States|Illinois|Chicago|Mozilla/5.0 (Windows NT 6.1; WOW64) AppleWebKit/534+ (KHTML, like Gecko) BingPreview/1.0b
98289|A mouse’s brain, mapped out|2021-07-27 04:52:27||40.77.190.191|United States|Illinois|Chicago|Mozilla/5.0 (Windows NT 6.1; WOW64) AppleWebKit/534+ (KHTML, like Gecko) BingPreview/1.0b
23481|A new moth|2021-07-27 04:52:33||40.77.139.22|United States|Illinois|Chicago|Mozilla/5.0 (Windows NT 6.1; WOW64) AppleWebKit/534+ (KHTML, like Gecko) BingPreview/1.0b
25228|Parasitic fish may treat human brain disease|2021-07-27 04:52:34||40.77.139.73|United States|Illinois|Chicago|Mozilla/5.0 (Windows NT 6.1; WOW64) AppleWebKit/534+ (KHTML, like Gecko) BingPreview/1.0b
26944|Bunny bone bonanza shows Neanderthal link|2021-07-27 04:52:35|https://cosmos.tt123.com.au/|40.77.190.191|United States|Illinois|Chicago|Mozilla/5.0 (Windows NT 6.1; WOW64) AppleWebKit/534+ (KHTML, like Gecko) BingPreview/1.0b
34598|Ice, permafrost and Siberian caves|2021-07-27 04:52:36|https://cosmos.tt123.com.au/|40.77.190.191|United States|Illinois|Chicago|Mozilla/5.0 (Windows NT 6.1; WOW64) AppleWebKit/534+ (KHTML, like Gecko) BingPreview/1.0b
23905|You rock! The way to sleep well|2021-07-27 04:52:40||40.77.188.98|United States|Illinois|Chicago|Mozilla/5.0 (Windows NT 6.1; WOW64) AppleWebKit/534+ (KHTML, like Gecko) BingPreview/1.0b
27065|Can cannabinoids help with mental health?|2021-07-27 04:52:43|https://cosmos.tt123.com.au/|40.77.190.140|United States|Illinois|Chicago|Mozilla/5.0 (Windows NT 6.1; WOW64) AppleWebKit/534+ (KHTML, like Gecko) BingPreview/1.0b
26198|Alpha-synuclein is one of the good guys|2021-07-27 04:52:43|https://cosmos.tt123.com.au/|40.77.189.40|United States|Illinois|Chicago|Mozilla/5.0 (Windows NT 6.1; WOW64) AppleWebKit/534+ (KHTML, like Gecko) BingPreview/1.0b
34676|Tracking animals without seeing them|2021-07-27 04:52:44|https://cosmos.tt123.com.au/|40.77.190.107|United States|Illinois|Chicago|Mozilla/5.0 (Windows NT 6.1; WOW64) AppleWebKit/534+ (KHTML, like Gecko) BingPreview/1.0b
26259|Superdeep diamonds have a story to tell|2021-07-27 04:52:48||40.77.139.108|United States|Illinois|Chicago|Mozilla/5.0 (Windows NT 6.1; WOW64) AppleWebKit/534+ (KHTML, like Gecko) BingPreview/1.0b
24237|Garlic, onion, linked to decreased cancer risk|2021-07-27 04:52:49|https://cosmos.tt123.com.au/|40.77.190.88|United States|Illinois|Chicago|Mozilla/5.0 (Windows NT 6.1; WOW64) AppleWebKit/534+ (KHTML, like Gecko) BingPreview/1.0b
25788|Physical and mental illness boosts ED visits|2021-07-27 04:52:57|https://cosmos.tt123.com.au/|40.77.139.53|United States|Illinois|Chicago|Mozilla/5.0 (Windows NT 6.1; WOW64) AppleWebKit/534+ (KHTML, like Gecko) BingPreview/1.0b
23317|Dead monkeys do tell tales|2021-07-27 04:53:03|https://cosmos.tt123.com.au/|40.77.190.133|United States|Illinois|Chicago|Mozilla/5.0 (Windows NT 6.1; WOW64) AppleWebKit/534+ (KHTML, like Gecko) BingPreview/1.0b
26085|Peer pressure driving sustainable diets|2021-07-27 04:53:13||40.77.188.25|United States|Illinois|Chicago|Mozilla/5.0 (Windows NT 6.1; WOW64) AppleWebKit/534+ (KHTML, like Gecko) BingPreview/1.0b
26983|Meet the cunning toad viper|2021-07-27 05:04:27|https://cosmos.tt123.com.au/|40.77.202.135|United States|Washington||Mozilla/5.0 (Windows NT 6.1; WOW64) AppleWebKit/534+ (KHTML, like Gecko) BingPreview/1.0b
25797|Social isolation makes spiders aggressive|2021-07-27 05:04:43||40.77.189.216|United States|Illinois|Chicago|Mozilla/5.0 (Windows NT 6.1; WOW64) AppleWebKit/534+ (KHTML, like Gecko) BingPreview/1.0b
12722|The future of brain and machine is intertwined, and it’s already here|2021-07-27 17:16:33||40.77.188.214|United States|Illinois|Chicago|Mozilla/5.0 (Windows NT 6.1; WOW64) AppleWebKit/534+ (KHTML, like Gecko) BingPreview/1.0b
2021-07-27 17:16:34||157.55.39.43|United States|Washington||Mozilla/5.0 (compatible; bingbot/2.0; +http://www.bing.com/bingbot.htm)
2021-07-27 17:16:34||157.55.39.43|United States|Washington||Mozilla/5.0 (compatible; bingbot/2.0; +http://www.bing.com/bingbot.htm)
2021-07-27 17:16:34||157.55.39.43|United States|Washington||Mozilla/5.0 (compatible; bingbot/2.0; +http://www.bing.com/bingbot.htm)
2021-07-27 17:16:34||157.55.39.43|United States|Washington||Mozilla/5.0 (compatible; bingbot/2.0; +http://www.bing.com/bingbot.htm)
2021-07-27 17:16:35||157.55.39.43|United States|Washington||Mozilla/5.0 (compatible; bingbot/2.0; +http://www.bing.com/bingbot.htm)
2021-07-27 17:16:35||157.55.39.43|United States|Washington||Mozilla/5.0 (compatible; bingbot/2.0; +http://www.bing.com/bingbot.htm)
2021-07-27 17:16:35||157.55.39.43|United States|Washington||Mozilla/5.0 (compatible; bingbot/2.0; +http://www.bing.com/bingbot.htm)
2021-07-27 17:16:35||157.55.39.43|United States|Washington||Mozilla/5.0 (compatible; bingbot/2.0; +http://www.bing.com/bingbot.htm)
12869|New machine learns like a human, handles data like a computer|2021-07-27 17:16:36||40.77.190.77|United States|Illinois|Chicago|Mozilla/5.0 (Windows NT 6.1; WOW64) AppleWebKit/534+ (KHTML, like Gecko) BingPreview/1.0b
12684|Take a virtual tour through the super ship RV Investigator|2021-07-27 17:16:36||40.77.190.191|United States|Illinois|Chicago|Mozilla/5.0 (Windows NT 6.1; WOW64) AppleWebKit/534+ (KHTML, like Gecko) BingPreview/1.0b
11112|Cygnus on track for rendezvous with space station after flawless launch|2021-07-27 17:16:36|https://cosmos.tt123.com.au/|40.77.139.89|United States|Illinois|Chicago|Mozilla/5.0 (Windows NT 6.1; WOW64) AppleWebKit/534+ (KHTML, like Gecko) BingPreview/1.0b
12766|Giant superhot blobs of gas fired from hidden star|2021-07-27 17:16:36|https://cosmos.tt123.com.au/|40.77.189.84|United States|Illinois|Chicago|Mozilla/5.0 (Windows NT 6.1; WOW64) AppleWebKit/534+ (KHTML, like Gecko) BingPreview/1.0b
17336|Beyond graphene: scientists are creating an atomic ‘Lego set’ of 2D wonder materials|2021-07-27 17:16:38|https://cosmos.tt123.com.au/|40.77.189.84|United States|Illinois|Chicago|Mozilla/5.0 (Windows NT 6.1; WOW64) AppleWebKit/534+ (KHTML, like Gecko) BingPreview/1.0b
19075|Semi-living inks may revolutionise 3D printing|2021-07-27 17:16:39||40.77.139.14|United States|Illinois|Chicago|Mozilla/5.0 (Windows NT 6.1; WOW64) AppleWebKit/534+ (KHTML, like Gecko) BingPreview/1.0b
13829|Explosions, evolution and energy: top 10 Cosmos explainers|2021-07-27 17:16:39||40.77.188.135|United States|Illinois|Chicago|Mozilla/5.0 (Windows NT 6.1; WOW64) AppleWebKit/534+ (KHTML, like Gecko) BingPreview/1.0b
11356|Moving exoskeletons from sci-fi into medical rehabilitation and therapy|2021-07-27 17:16:39||40.77.188.7|United States|Illinois|Chicago|Mozilla/5.0 (Windows NT 6.1; WOW64) AppleWebKit/534+ (KHTML, like Gecko) BingPreview/1.0b
14384|What the Huygens probe saw when it landed on Titan|2021-07-27 17:16:46|https://cosmos.tt123.com.au/|40.77.188.98|United States|Illinois|Chicago|Mozilla/5.0 (Windows NT 6.1; WOW64) AppleWebKit/534+ (KHTML, like Gecko) BingPreview/1.0b
13775|How an Earth-sized telescope will ‘see’ a supermassive black hole|2021-07-27 17:16:46|https://cosmos.tt123.com.au/|40.77.139.8|United States|Illinois|Chicago|Mozilla/5.0 (Windows NT 6.1; WOW64) AppleWebKit/534+ (KHTML, like Gecko) BingPreview/1.0b
12817|Has auto-translation software finally stopped being so useless?|2021-07-27 17:16:47|https://cosmos.tt123.com.au/|40.77.191.222|United States|Illinois|Chicago|Mozilla/5.0 (Windows NT 6.1; WOW64) AppleWebKit/534+ (KHTML, like Gecko) BingPreview/1.0b
14053|Silly putty makes seriously state-of-the-art sensors|2021-07-27 17:16:47||40.77.139.40|United States|Illinois|Chicago|Mozilla/5.0 (Windows NT 6.1; WOW64) AppleWebKit/534+ (KHTML, like Gecko) BingPreview/1.0b
12878|Signs of comet collision found in 55-million-year-old rocks|2021-07-27 17:16:48|https://cosmos.tt123.com.au/|40.77.190.191|United States|Illinois|Chicago|Mozilla/5.0 (Windows NT 6.1; WOW64) AppleWebKit/534+ (KHTML, like Gecko) BingPreview/1.0b
18035|How do you keep a space probe clean?|2021-07-27 17:16:49|https://cosmos.tt123.com.au/|40.77.190.97|United States|Illinois|Chicago|Mozilla/5.0 (Windows NT 6.1; WOW64) AppleWebKit/534+ (KHTML, like Gecko) BingPreview/1.0b
10926|Stunning backlit images of Pluto show dwarf planet’s features as never before|2021-07-27 17:16:49||40.77.190.191|United States|Illinois|Chicago|Mozilla/5.0 (Windows NT 6.1; WOW64) AppleWebKit/534+ (KHTML, like Gecko) BingPreview/1.0b
15955|Five amazing ultrasound inventions set to change the world (and not a pregnancy scan in sight)|2021-07-27 17:16:49||40.77.188.175|United States|Illinois|Chicago|Mozilla/5.0 (Windows NT 6.1; WOW64) AppleWebKit/534+ (KHTML, like Gecko) BingPreview/1.0b
19026|Three new reports add clarity to Australia’s space sector, a ‘crowded and valuable high ground’|2021-07-27 17:16:49|https://cosmos.tt123.com.au/|40.77.139.61|United States|Illinois|Chicago|Mozilla/5.0 (Windows NT 6.1; WOW64) AppleWebKit/534+ (KHTML, like Gecko) BingPreview/1.0b
18179|Small devices generate big data|2021-07-27 17:16:50|https://cosmos.tt123.com.au/|40.77.190.191|United States|Illinois|Chicago|Mozilla/5.0 (Windows NT 6.1; WOW64) AppleWebKit/534+ (KHTML, like Gecko) BingPreview/1.0b
18745|Pulsars out for positron count, leaving dark matter in the frame|2021-07-27 17:16:52|https://cosmos.tt123.com.au/|40.77.139.73|United States|Illinois|Chicago|Mozilla/5.0 (Windows NT 6.1; WOW64) AppleWebKit/534+ (KHTML, like Gecko) BingPreview/1.0b
15102|Avocados could be the missing element of a Mars shot|2021-07-27 17:16:53||40.77.139.11|United States|Illinois|Chicago|Mozilla/5.0 (Windows NT 6.1; WOW64) AppleWebKit/534+ (KHTML, like Gecko) BingPreview/1.0b
19041|Life evidence may be hidden on candidate planets|2021-07-27 17:16:54|https://cosmos.tt123.com.au/|40.77.190.201|United States|Illinois|Chicago|Mozilla/5.0 (Windows NT 6.1; WOW64) AppleWebKit/534+ (KHTML, like Gecko) BingPreview/1.0b
14546|Robot swarm measures the motion of the ocean|2021-07-27 17:16:58||40.77.191.51|United States|Illinois|Chicago|Mozilla/5.0 (Windows NT 6.1; WOW64) AppleWebKit/534+ (KHTML, like Gecko) BingPreview/1.0b
14128|Cloudy with a chance of crystals: is this weather on a giant exoplanet?|2021-07-27 17:16:58||40.77.189.20|United States|Illinois|Chicago|Mozilla/5.0 (Windows NT 6.1; WOW64) AppleWebKit/534+ (KHTML, like Gecko) BingPreview/1.0b
13115|To trace a gas giant’s birth, take its temperature|2021-07-27 17:16:59|https://cosmos.tt123.com.au/|40.77.190.82|United States|Illinois|Chicago|Mozilla/5.0 (Windows NT 6.1; WOW64) AppleWebKit/534+ (KHTML, like Gecko) BingPreview/1.0b
18567|Revealed: a monster planet orbits a tiny star|2021-07-27 17:17:00|https://cosmos.tt123.com.au/|40.77.139.47|United States|Illinois|Chicago|Mozilla/5.0 (Windows NT 6.1; WOW64) AppleWebKit/534+ (KHTML, like Gecko) BingPreview/1.0b
13927|Hefty baby galaxy found growing in soup of cold cosmic gas|2021-07-27 17:17:00|https://cosmos.tt123.com.au/|40.77.189.233|United States|Illinois|Chicago|Mozilla/5.0 (Windows NT 6.1; WOW64) AppleWebKit/534+ (KHTML, like Gecko) BingPreview/1.0b
11406|Celebrating Viking: four decades of landers on Mars|2021-07-27 17:17:02||40.77.139.55|United States|Illinois|Chicago|Mozilla/5.0 (Windows NT 6.1; WOW64) AppleWebKit/534+ (KHTML, like Gecko) BingPreview/1.0b
16415|Much of Earth’s xenon was delivered by comets|2021-07-27 17:17:02|https://cosmos.tt123.com.au/|40.77.190.191|United States|Illinois|Chicago|Mozilla/5.0 (Windows NT 6.1; WOW64) AppleWebKit/534+ (KHTML, like Gecko) BingPreview/1.0b
14567|How the insights of the Large Hadron Collider are being made open to everyone|2021-07-27 17:17:02|https://cosmos.tt123.com.au/|40.77.189.230|United States|Illinois|Chicago|Mozilla/5.0 (Windows NT 6.1; WOW64) AppleWebKit/534+ (KHTML, like Gecko) BingPreview/1.0b
12474|Giant cosmic blob found lit from the inside|2021-07-27 17:17:03||40.77.190.191|United States|Illinois|Chicago|Mozilla/5.0 (Windows NT 6.1; WOW64) AppleWebKit/534+ (KHTML, like Gecko) BingPreview/1.0b
17934|Tougher, shinier mirrors boost telescope power|2021-07-27 17:17:08||40.77.190.191|United States|Illinois|Chicago|Mozilla/5.0 (Windows NT 6.1; WOW64) AppleWebKit/534+ (KHTML, like Gecko) BingPreview/1.0b
18896|Roid rage: the rock that gatecrashed the solar system|2021-07-27 17:17:08||40.77.189.219|United States|Illinois|Chicago|Mozilla/5.0 (Windows NT 6.1; WOW64) AppleWebKit/534+ (KHTML, like Gecko) BingPreview/1.0b
16797|Organic molecules near Saturn’s moon Enceladus not a sign of life|2021-07-27 17:17:10||40.77.190.191|United States|Illinois|Chicago|Mozilla/5.0 (Windows NT 6.1; WOW64) AppleWebKit/534+ (KHTML, like Gecko) BingPreview/1.0b
15485|Watch ball bearings organise themselves into complex tree-like structures|2021-07-27 17:17:12|https://cosmos.tt123.com.au/|40.77.190.3|United States|Illinois|Chicago|Mozilla/5.0 (Windows NT 6.1; WOW64) AppleWebKit/534+ (KHTML, like Gecko) BingPreview/1.0b
19195|Quantum technologies find a way|2021-07-27 17:17:13|https://cosmos.tt123.com.au/|40.77.190.16|United States|Illinois|Chicago|Mozilla/5.0 (Windows NT 6.1; WOW64) AppleWebKit/534+ (KHTML, like Gecko) BingPreview/1.0b
17549|The more people know about climate change and evolution, the more they disagree|2021-07-27 17:17:16||40.77.190.180|United States|Illinois|Chicago|Mozilla/5.0 (Windows NT 6.1; WOW64) AppleWebKit/534+ (KHTML, like Gecko) BingPreview/1.0b
14386|How we can make super-fast hyperloop travel a reality|2021-07-27 17:17:16||40.77.190.163|United States|Illinois|Chicago|Mozilla/5.0 (Windows NT 6.1; WOW64) AppleWebKit/534+ (KHTML, like Gecko) BingPreview/1.0b
17332|A far northern storm on Jupiter|2021-07-27 17:17:17|https://cosmos.tt123.com.au/|40.77.139.55|United States|Illinois|Chicago|Mozilla/5.0 (Windows NT 6.1; WOW64) AppleWebKit/534+ (KHTML, like Gecko) BingPreview/1.0b
16133|Australian telescope spies its first burst from beyond the galaxy, many more expected|2021-07-27 17:17:18|https://cosmos.tt123.com.au/|40.77.190.191|United States|Illinois|Chicago|Mozilla/5.0 (Windows NT 6.1; WOW64) AppleWebKit/534+ (KHTML, like Gecko) BingPreview/1.0b
11100|Rosetta animation shows sudden jet of ice and dust from comet 67P|2021-07-27 17:17:19||40.77.139.113|United States|Illinois|Chicago|Mozilla/5.0 (Windows NT 6.1; WOW64) AppleWebKit/534+ (KHTML, like Gecko) BingPreview/1.0b
17105|For long-lasting sun protection, slap on some DNA|2021-07-27 17:17:20||40.77.190.191|United States|Illinois|Chicago|Mozilla/5.0 (Windows NT 6.1; WOW64) AppleWebKit/534+ (KHTML, like Gecko) BingPreview/1.0b
16342|Melting ice and satellites: how to measure the Earth’s ‘wiggle’|2021-07-27 17:17:20|https://cosmos.tt123.com.au/|40.77.139.53|United States|Illinois|Chicago|Mozilla/5.0 (Windows NT 6.1; WOW64) AppleWebKit/534+ (KHTML, like Gecko) BingPreview/1.0b
12265|Super slow pulsar, rare white whale and an ice shelf cracking up|2021-07-27 17:17:21|https://cosmos.tt123.com.au/|40.77.190.191|United States|Illinois|Chicago|Mozilla/5.0 (Windows NT 6.1; WOW64) AppleWebKit/534+ (KHTML, like Gecko) BingPreview/1.0b
12337|Cave formations tell tales of ancient earthquakes|2021-07-27 17:17:21|https://cosmos.tt123.com.au/|40.77.190.164|United States|Illinois|Chicago|Mozilla/5.0 (Windows NT 6.1; WOW64) AppleWebKit/534+ (KHTML, like Gecko) BingPreview/1.0b
16594|DNA nanomachines can transmit information|2021-07-27 17:17:24||40.77.139.61|United States|Illinois|Chicago|Mozilla/5.0 (Windows NT 6.1; WOW64) AppleWebKit/534+ (KHTML, like Gecko) BingPreview/1.0b
16633|Information overload to blame for low quality of viral content|2021-07-27 17:17:24||40.77.190.191|United States|Illinois|Chicago|Mozilla/5.0 (Windows NT 6.1; WOW64) AppleWebKit/534+ (KHTML, like Gecko) BingPreview/1.0b
17225|An unfamiliar lunar landscape|2021-07-27 17:17:25|https://cosmos.tt123.com.au/|40.77.189.155|United States|Illinois|Chicago|Mozilla/5.0 (Windows NT 6.1; WOW64) AppleWebKit/534+ (KHTML, like Gecko) BingPreview/1.0b
16075|Severed limbs and wooden feet: how the ancients invented prosthetics|2021-07-27 17:17:25|https://cosmos.tt123.com.au/|40.77.190.173|United States|Illinois|Chicago|Mozilla/5.0 (Windows NT 6.1; WOW64) AppleWebKit/534+ (KHTML, like Gecko) BingPreview/1.0b
15951|A giant lava lamp inside the Earth might be flipping the planet’s magnetic field|2021-07-27 17:17:25|https://cosmos.tt123.com.au/|40.77.188.62|United States|Illinois|Chicago|Mozilla/5.0 (Windows NT 6.1; WOW64) AppleWebKit/534+ (KHTML, like Gecko) BingPreview/1.0b
11615|This ‘spider’ bot finds and patches holes in airships|2021-07-27 17:17:27|https://cosmos.tt123.com.au/|40.77.190.226|United States|Illinois|Chicago|Mozilla/5.0 (Windows NT 6.1; WOW64) AppleWebKit/534+ (KHTML, like Gecko) BingPreview/1.0b
10932|Will phosphorene take graphene’s crown?|2021-07-27 17:17:31||40.77.188.69|United States|Illinois|Chicago|Mozilla/5.0 (Windows NT 6.1; WOW64) AppleWebKit/534+ (KHTML, like Gecko) BingPreview/1.0b
12404|Bushy bundles of carbon nanotubes|2021-07-27 17:17:31|https://cosmos.tt123.com.au/|40.77.139.87|United States|Illinois|Chicago|Mozilla/5.0 (Windows NT 6.1; WOW64) AppleWebKit/534+ (KHTML, like Gecko) BingPreview/1.0b
18951|Cut your cake by rocket|2021-07-27 17:17:37||40.77.139.45|United States|Illinois|Chicago|Mozilla/5.0 (Windows NT 6.1; WOW64) AppleWebKit/534+ (KHTML, like Gecko) BingPreview/1.0b
18359|Volcanoes spurred the fall of ancient Egypt|2021-07-27 17:17:39||40.77.190.99|United States|Illinois|Chicago|Mozilla/5.0 (Windows NT 6.1; WOW64) AppleWebKit/534+ (KHTML, like Gecko) BingPreview/1.0b
15875|Exoplanet likely to be a waterworld|2021-07-27 17:17:40||40.77.190.191|United States|Illinois|Chicago|Mozilla/5.0 (Windows NT 6.1; WOW64) AppleWebKit/534+ (KHTML, like Gecko) BingPreview/1.0b
15299|Bionic leaf breakthrough could revolutionise fertiliser production, but environmental questions remain|2021-07-27 17:17:41|https://cosmos.tt123.com.au/|40.77.191.225|United States|Illinois|Chicago|Mozilla/5.0 (Windows NT 6.1; WOW64) AppleWebKit/534+ (KHTML, like Gecko) BingPreview/1.0b
12434|Fake nuclear warheads exposed with neutron imaging|2021-07-27 17:17:44||40.77.190.191|United States|Illinois|Chicago|Mozilla/5.0 (Windows NT 6.1; WOW64) AppleWebKit/534+ (KHTML, like Gecko) BingPreview/1.0b
18357|What will extraterrestrial life look like?|2021-07-27 17:17:44||40.77.189.103|United States|Illinois|Chicago|Mozilla/5.0 (Windows NT 6.1; WOW64) AppleWebKit/534+ (KHTML, like Gecko) BingPreview/1.0b
16483|Wireless, on-the-go charging for electric cars a step closer|2021-07-27 17:17:46||40.77.189.180|United States|Illinois|Chicago|Mozilla/5.0 (Windows NT 6.1; WOW64) AppleWebKit/534+ (KHTML, like Gecko) BingPreview/1.0b
16930|Looking back in time to see the birth of ancient stars|2021-07-27 17:17:47||40.77.190.25|United States|Illinois|Chicago|Mozilla/5.0 (Windows NT 6.1; WOW64) AppleWebKit/534+ (KHTML, like Gecko) BingPreview/1.0b
18900|Five reasons India, China and other nations plan to travel to the Moon|2021-07-27 17:17:48||40.77.189.92|United States|Illinois|Chicago|Mozilla/5.0 (Windows NT 6.1; WOW64) AppleWebKit/534+ (KHTML, like Gecko) BingPreview/1.0b
15870|A stretchable nanostructured surface produces shifting holograms|2021-07-27 17:17:50||40.77.189.45|United States|Illinois|Chicago|Mozilla/5.0 (Windows NT 6.1; WOW64) AppleWebKit/534+ (KHTML, like Gecko) BingPreview/1.0b
16052|Good looks are overrated in assessments of attraction|2021-07-27 17:17:50||40.77.188.134|United States|Illinois|Chicago|Mozilla/5.0 (Windows NT 6.1; WOW64) AppleWebKit/534+ (KHTML, like Gecko) BingPreview/1.0b
16656|Uranus’s magnetic field toggles on and off every day|2021-07-27 17:17:52|https://cosmos.tt123.com.au/|40.77.190.204|United States|Illinois|Chicago|Mozilla/5.0 (Windows NT 6.1; WOW64) AppleWebKit/534+ (KHTML, like Gecko) BingPreview/1.0b
19062|Chinese satellite picks up possible dark matter evidence|2021-07-27 17:17:54|https://cosmos.tt123.com.au/|40.77.139.104|United States|Illinois|Chicago|Mozilla/5.0 (Windows NT 6.1; WOW64) AppleWebKit/534+ (KHTML, like Gecko) BingPreview/1.0b
12856|LIDAR: how self-driving cars ‘see’ where they’re going|2021-07-27 17:17:55|https://cosmos.tt123.com.au/|40.77.188.68|United States|Illinois|Chicago|Mozilla/5.0 (Windows NT 6.1; WOW64) AppleWebKit/534+ (KHTML, like Gecko) BingPreview/1.0b
17813|The quest for a silicon quantum computer|2021-07-27 17:17:57||40.77.188.69|United States|Illinois|Chicago|Mozilla/5.0 (Windows NT 6.1; WOW64) AppleWebKit/534+ (KHTML, like Gecko) BingPreview/1.0b
18666|If aliens are out there, they’re staying awfully quiet|2021-07-27 17:17:57|https://cosmos.tt123.com.au/|40.77.190.209|United States|Illinois|Chicago|Mozilla/5.0 (Windows NT 6.1; WOW64) AppleWebKit/534+ (KHTML, like Gecko) BingPreview/1.0b
17151|Saturn’s moon Titan holds molecule that could build cell membranes|2021-07-27 17:18:03||40.77.189.14|United States|Illinois|Chicago|Mozilla/5.0 (Windows NT 6.1; WOW64) AppleWebKit/534+ (KHTML, like Gecko) BingPreview/1.0b
13082|Young star trio born from clumping disc of gas and dust|2021-07-27 17:18:03||40.77.188.140|United States|Illinois|Chicago|Mozilla/5.0 (Windows NT 6.1; WOW64) AppleWebKit/534+ (KHTML, like Gecko) BingPreview/1.0b
13032|Wavy rings point to two undiscovered moons at Uranus|2021-07-27 17:18:03|https://cosmos.tt123.com.au/|40.77.191.254|United States|Illinois|Chicago|Mozilla/5.0 (Windows NT 6.1; WOW64) AppleWebKit/534+ (KHTML, like Gecko) BingPreview/1.0b
15694|DNA sequencing in zero gravity with handheld nanotech|2021-07-27 17:18:03|https://cosmos.tt123.com.au/|40.77.190.41|United States|Illinois|Chicago|Mozilla/5.0 (Windows NT 6.1; WOW64) AppleWebKit/534+ (KHTML, like Gecko) BingPreview/1.0b
17637|Arctic sea ice outlook at worst point in 125,000 years|2021-07-27 17:18:07|https://cosmos.tt123.com.au/|40.77.190.191|United States|Illinois|Chicago|Mozilla/5.0 (Windows NT 6.1; WOW64) AppleWebKit/534+ (KHTML, like Gecko) BingPreview/1.0b
16757|Global drop in wildfires results in lower emissions but threatens life on the savannah|2021-07-27 17:18:08||40.77.190.191|United States|Illinois|Chicago|Mozilla/5.0 (Windows NT 6.1; WOW64) AppleWebKit/534+ (KHTML, like Gecko) BingPreview/1.0b
18647|Galaxy clusters crash and make fireworks|2021-07-27 17:18:10||40.77.189.131|United States|Illinois|Chicago|Mozilla/5.0 (Windows NT 6.1; WOW64) AppleWebKit/534+ (KHTML, like Gecko) BingPreview/1.0b
16636|Top five places to look for extraterrestrial life|2021-07-27 17:18:11|https://cosmos.tt123.com.au/|40.77.189.105|United States|Illinois|Chicago|Mozilla/5.0 (Windows NT 6.1; WOW64) AppleWebKit/534+ (KHTML, like Gecko) BingPreview/1.0b
18982|Topology yields miniaturisation breakthrough for quantum computing|2021-07-27 17:18:12||40.77.190.121|United States|Illinois|Chicago|Mozilla/5.0 (Windows NT 6.1; WOW64) AppleWebKit/534+ (KHTML, like Gecko) BingPreview/1.0b
14337|Apollo 14 gems reveal moon is 4.51 billion years old|2021-07-27 17:18:18|https://cosmos.tt123.com.au/|40.77.189.22|United States|Illinois|Chicago|Mozilla/5.0 (Windows NT 6.1; WOW64) AppleWebKit/534+ (KHTML, like Gecko) BingPreview/1.0b
13143|Vintage NASA tapes found gathering dust in a lab|2021-07-27 17:18:19||40.77.190.191|United States|Illinois|Chicago|Mozilla/5.0 (Windows NT 6.1; WOW64) AppleWebKit/534+ (KHTML, like Gecko) BingPreview/1.0b
19183|Bushfire prevention: burning off doesn’t work|2021-07-27 17:18:26||40.77.190.66|United States|Illinois|Chicago|Mozilla/5.0 (Windows NT 6.1; WOW64) AppleWebKit/534+ (KHTML, like Gecko) BingPreview/1.0b
17539|Meet the world’s biggest nano-vehicle|2021-07-27 17:18:26||40.77.188.153|United States|Illinois|Chicago|Mozilla/5.0 (Windows NT 6.1; WOW64) AppleWebKit/534+ (KHTML, like Gecko) BingPreview/1.0b
17462|The chemistry of durian, the stinky king of fruits|2021-07-27 17:24:54|https://cosmos.tt123.com.au/|40.77.190.16|United States|Illinois|Chicago|Mozilla/5.0 (Windows NT 6.1; WOW64) AppleWebKit/534+ (KHTML, like Gecko) BingPreview/1.0b
14114|Watch snowflakes sprout and grow|2021-07-27 17:24:58|https://cosmos.tt123.com.au/|40.77.188.133|United States|Illinois|Chicago|Mozilla/5.0 (Windows NT 6.1; WOW64) AppleWebKit/534+ (KHTML, like Gecko) BingPreview/1.0b
17423|Reactions open new chemical frontiers|2021-07-27 17:24:59|https://cosmos.tt123.com.au/|40.77.189.176|United States|Illinois|Chicago|Mozilla/5.0 (Windows NT 6.1; WOW64) AppleWebKit/534+ (KHTML, like Gecko) BingPreview/1.0b
14000|Earth’s spin is slowing, but not as expected|2021-07-27 17:24:59||40.77.139.115|United States|Illinois|Chicago|Mozilla/5.0 (Windows NT 6.1; WOW64) AppleWebKit/534+ (KHTML, like Gecko) BingPreview/1.0b
6561|Lab talk: another reason to save the whale|2021-07-27 17:24:59||40.77.189.198|United States|Illinois|Chicago|Mozilla/5.0 (Windows NT 6.1; WOW64) AppleWebKit/534+ (KHTML, like Gecko) BingPreview/1.0b
17917|The bizarre chemistry Cassini found on Titan|2021-07-27 17:24:59||40.77.139.79|United States|Illinois|Chicago|Mozilla/5.0 (Windows NT 6.1; WOW64) AppleWebKit/534+ (KHTML, like Gecko) BingPreview/1.0b
105648|Green light for new coupling tool|2021-07-27 17:25:01|https://cosmos.tt123.com.au/|40.77.188.22|United States|Illinois|Chicago|Mozilla/5.0 (Windows NT 6.1; WOW64) AppleWebKit/534+ (KHTML, like Gecko) BingPreview/1.0b
8133|How peacocks hypnotise with tail shakes|2021-07-27 17:25:02||40.77.189.225|United States|Illinois|Chicago|Mozilla/5.0 (Windows NT 6.1; WOW64) AppleWebKit/534+ (KHTML, like Gecko) BingPreview/1.0b
15687|Satellite damage linked to space dust|2021-07-27 17:25:03|https://cosmos.tt123.com.au/|40.77.190.191|United States|Illinois|Chicago|Mozilla/5.0 (Windows NT 6.1; WOW64) AppleWebKit/534+ (KHTML, like Gecko) BingPreview/1.0b
10541|Organic farming more profitable|2021-07-27 17:25:07|https://cosmos.tt123.com.au/|40.77.188.2|United States|Illinois|Chicago|Mozilla/5.0 (Windows NT 6.1; WOW64) AppleWebKit/534+ (KHTML, like Gecko) BingPreview/1.0b
10222|The animals with superpowers|2021-07-27 17:25:08||40.77.188.239|United States|Illinois|Chicago|Mozilla/5.0 (Windows NT 6.1; WOW64) AppleWebKit/534+ (KHTML, like Gecko) BingPreview/1.0b
6242|An immune system that grows with experience|2021-07-27 17:25:08||40.77.189.70|United States|Illinois|Chicago|Mozilla/5.0 (Windows NT 6.1; WOW64) AppleWebKit/534+ (KHTML, like Gecko) BingPreview/1.0b
17093|Making alien worlds on Earth|2021-07-27 17:25:10|https://cosmos.tt123.com.au/|40.77.190.191|United States|Illinois|Chicago|Mozilla/5.0 (Windows NT 6.1; WOW64) AppleWebKit/534+ (KHTML, like Gecko) BingPreview/1.0b
8230|The man who built organs on chips|2021-07-27 17:25:13||40.77.190.191|United States|Illinois|Chicago|Mozilla/5.0 (Windows NT 6.1; WOW64) AppleWebKit/534+ (KHTML, like Gecko) BingPreview/1.0b
22488|The black heart of soot revealed|2021-07-27 17:25:14|https://cosmos.tt123.com.au/|40.77.188.90|United States|Illinois|Chicago|Mozilla/5.0 (Windows NT 6.1; WOW64) AppleWebKit/534+ (KHTML, like Gecko) BingPreview/1.0b
19221|Australia’s future female scientists need support|2021-07-27 17:25:20||40.77.190.21|United States|Illinois|Chicago|Mozilla/5.0 (Windows NT 6.1; WOW64) AppleWebKit/534+ (KHTML, like Gecko) BingPreview/1.0b
16075|Severed limbs and wooden feet: how the ancients invented prosthetics|2021-07-27 17:32:17|https://cosmos.tt123.com.au/|40.77.202.40|United States|Washington||Mozilla/5.0 (Windows NT 6.1; WOW64) AppleWebKit/534+ (KHTML, like Gecko) BingPreview/1.0b
